;KUskv2(1);2U;KH6
0;0.3296517048161275;1.3874337191766504;0.5650354187600116
