;precision;recall;f1-score;support
Anoxybacillus_flavithermus;1.0;1.0;1.0;100.0
Bacillus_altitudinis;1.0;1.0;1.0;900.0
Bacillus_aryabhattai;1.0;1.0;1.0;100.0
Bacillus_atrophaeus;1.0;1.0;1.0;200.0
Bacillus_berkeleyi;1.0;0.6;0.7499999999999999;100.0
Bacillus_cereus;1.0;1.0;1.0;1000.0
Bacillus_chungangenis;1.0;1.0;1.0;100.0
Bacillus_clausii;1.0;1.0;1.0;100.0
Bacillus_coagulans;1.0;1.0;1.0;100.0
Bacillus_flexus;1.0;1.0;1.0;200.0
Bacillus_licheniformis;1.0;1.0;1.0;800.0
Bacillus_megaterium;1.0;1.0;1.0;600.0
Bacillus_mycoides;1.0;1.0;1.0;100.0
Bacillus_pumilus;1.0;1.0;1.0;1800.0
Bacillus_simplex;1.0;1.0;1.0;600.0
Bacillus_subtilis;0.7142857142857143;1.0;0.8333333333333333;100.0
Bacillus_thuringiensis;1.0;1.0;1.0;100.0
Bacillus_weihenstephanensis;1.0;1.0;1.0;100.0
E-Coli;1.0;1.0;1.0;100.0
Geobacillus_subterraneus;1.0;1.0;1.0;200.0
accuracy;0.9945945945945946;0.9945945945945946;0.9945945945945946;0.9945945945945946
macro avg;0.9857142857142858;0.9800000000000001;0.9791666666666666;7400.0
weighted avg;0.9961389961389961;0.9945945945945946;0.9943693693693694;7400.0
