;;Input Noise;Input Noise;Input Noise;Input Noise
;;10%;20%;30%;40%
Train Noise;10%;1.0;1.0;1.0;1.0
Train Noise;20%;0.9984938498870387;0.9984938498870387;0.9984938498870387;0.9984938498870387
Train Noise;30%;0.9922077922077921;0.9922077922077921;0.9922077922077921;0.9922077922077921
Train Noise;40%;0.9977319977319976;0.9977319977319976;0.9977319977319976;0.9977319977319976
